insert into authors (id, name)
values (1, 'Roma Shagun');
insert into authors (id, name)
values (2, 'Ruslan Senatrev');
insert into authors (id, name)
values (3, 'Your mom');
insert into authors (id,name)
values (4,'Ali Al-Iusefi1');

insert into news (id, content, creation_date, author_id)
VALUES (1,
        ' Aenean commodo ligula eget dolor. Aenean massa. Cum sociis natoque penatibus et magnis dis parturient montes, nascetur ridiculus mus. Donec quam felis, ultricies nec, pellentesque eu, pretium quis, sem. Nulla consequat massa quis enim. Donec pede justo, fringilla vel, aliquet nec, vulputate eget, arcu. In enim justo, rhoncus ut, imperdiet a, venenatis vitae, justo. Nullam dictum felis eu pede mollis pretium. Integer tincidunt. Cras dapibus. Vivamus elementum semper nisi. Aenean vulputate eleifend tellus. Aenean leo ligula, porttitor eu, consequat vitae, eleifend ac, enim. Aliquam lorem ante, dapibus in, viverra quis, feugiat a, tellus. Phasellus viverra nulla ut metus varius laoreet. Quisque rutrum. Aenean imperdiet. Etiam ultricies nisi vel augue. Curabitur ullamcorper ultricies nisi. Nam eget dui. Etiam rhoncus. Maecenas tempus, tellus eget condimentum rhoncus, sem quam semper libero, sit amet adipiscing sem neque sed ipsum. Nam quam nunc, blandit vel, luctus pulvinar, hendrerit id, lorem. Maecenas nec odio et ante tincidunt tempus. Donec vitae sapien ut libero venenatis faucibus. Nullam quis ante. Etiam sit amet orci eget eros faucibus tincidunt. Duis leo. Sed fringilla mauris sit amet nibh. Donec sodales sagittis magna. Sed consequat, leo eget bibendum sodales, augue velit cursus nunc, quis gravida magna mi a libero. Fusce vulputate eleifend sapien. Vestibulum purus quam, scelerisque ut, mollis sed, nonummy id, metus. Nullam accumsan lorem in dui. Cras ultricies mi eu turpis hendrerit fringilla. Vestibulum ante ipsum primis in faucibus orci luctus et ultrices posuere cubilia Curae; In ac dui quis mi consectetuer lacinia. Nam pretium turpis et arcu. Duis arcu tortor, suscipit eget, imperdiet nec, imperdiet iaculis, ipsum. Sed aliquam ultrices mauris. Integer ante arcu, accumsan a, consectetuer eget, posuere ut, mauris. Praesent adipiscing. Phasellus ullamcorper ipsum rutrum nunc. Nunc nonummy metus. Vestibulum volutpat pretium libero. Cras id dui. Aenean ut eros et nisl sagittis vestibulum. Nullam nulla eros, ultricies sit amet, nonummy id, imperdiet feugiat, pede. Sed lectus. Donec mollis hendrerit risus. Phasellus nec sem in justo pellentesque facilisis. Etiam imperdiet imperdiet orci. Nunc nec neque. Phasellus leo dolor, tempus non, auctor et, hendrerit quis, nisi. Curabitur ligula sapien, tincidunt non, euismod vitae, posuere imperdiet, leo. Maecenas malesuada. Praesent congue erat at massa. Sed cursus turpis vitae tortor. Donec posuere vulputate arcu. Phasellus accumsan cursus velit. Vestibulum ante ipsum primis in faucibus orci luctus et ultrices posuere cubilia Curae; Sed aliquam, nisi quis porttitor congue, elit erat euismod orci, ac placerat dolor lectus quis orci. Phasellus consectetuer vestibulum elit. Aenean tellus metus, bibendum sed, posuere ac, mattis non, nunc. Vestibulum fringilla pede sit amet augue. In turpis. Pellentesque posuere. Praesent turpis. Aenean posuere, tor',
        '01-JAN-2001', 2);
insert into news (id, content, creation_date, author_id)
VALUES (2, 'Ruslan has died', '01-JAN-2001', 1);
insert into news (id, content, creation_date, author_id)
VALUES (3,
        'Lorem ipsum dolor sit amet, consectetuer adipiscing elit. Aenean commodo ligula eget dolor. Aenean massa. Cum sociis natoque penatibus et magnis dis parturient montes, nascetur ridiculus mus. Donec qu',
        '01-JAN-2001', 1);
insert into news (id, content, creation_date, author_id)
VALUES (4,
        'Lorem ipsum dolor sit amet, consectetuer adipiscing elit. Aenean commodo ligula eget dolor. Aenean massa. Cum sociis natoque penatibus et magnis dis parturient montes, nascetur ridiculus mus. Donec qu',
        '01-JAN-2001', 1);
insert into news (id, content, creation_date, author_id)
VALUES (5,
        'Lorem ipsum dolor sit amet, consectetuer adipiscing elit. Aenean commodo ligula eget dolor. Aenean massa. Cum sociis natoque penatibus et magnis dis parturient montes, nascetur ridiculus mus. Donec qu',
        '01-JAN-2001', 1);
insert into news (id, content, creation_date, author_id)
VALUES (6,
        'Lorem ipsum dolor sit amet, consectetuer adipiscing elit. Aenean commodo ligula eget dolor. Aenean massa. Cum sociis natoque penatibus et magnis dis parturient montes, nascetur ridiculus mus. Donec qu',
        '01-JAN-2001', 1);
insert into news (id, content, creation_date, author_id)
VALUES (7,
        'Lorem ipsum dolor sit amet, consectetuer adipiscing elit. Aenean commodo ligula eget dolor. Aenean massa. Cum sociis natoque penatibus et magnis dis parturient montes, nascetur ridiculus mus. Donec qu',
        '01-JAN-2001', 1);
insert into news (id, content, creation_date, author_id)
VALUES (8,
        'Lorem ipsum dolor sit amet, consectetuer adipiscing elit. Aenean commodo ligula eget dolor. Aenean massa. Cum sociis natoque penatibus et magnis dis parturient montes, nascetur ridiculus mus. Donec qu',
        '01-JAN-2001', 1);
insert into news (id, content, creation_date, author_id)
VALUES (9,
        'Lorem ipsum dolor sit amet, consectetuer adipiscing elit. Aenean commodo ligula eget dolor. Aenean massa. Cum sociis natoque penatibus et magnis dis parturient montes, nascetur ridiculus mus. Donec qu',
        '01-JAN-2001', 1);
insert into news (id, content, creation_date, author_id)
VALUES (10,
        'Lorem ipsum dolor sit amet, consectetuer adipiscing elit. Aenean commodo ligula eget dolor. Aenean massa. Cum sociis natoque penatibus et magnis dis parturient montes, nascetur ridiculus mus. Donec qu',
        '01-JAN-2001', 1);
insert into news (id, content, creation_date, author_id)
VALUES (11,
        'Lorem ipsum dolor sit amet, consectetuer adipiscing elit. Aenean commodo ligula eget dolor. Aenean massa. Cum sociis natoque penatibus et magnis dis parturient montes, nascetur ridiculus mus. Donec qu',
        '01-JAN-2001', 1);
insert into news (id, content, creation_date, author_id)
VALUES (12,
        'Lorem ipsum dolor sit amet, consectetuer adipiscing elit. Aenean commodo ligula eget dolor. Aenean massa. Cum sociis natoque penatibus et magnis dis parturient montes, nascetur ridiculus mus. Donec qu',
        '01-JAN-2001', 1);
insert into news (id, content, creation_date, author_id)
VALUES (13,
        'Lorem ipsum dolor sit amet, consectetuer adipiscing elit. Aenean commodo ligula eget dolor. Aenean massa. Cum sociis natoque penatibus et magnis dis parturient montes, nascetur ridiculus mus. Donec qu',
        '01-JAN-2001', 1);
insert into news (id, content, creation_date, author_id)
VALUES (14,
        'Lorem ipsum dolor sit amet, consectetuer adipiscing elit. Aenean commodo ligula eget dolor. Aenean massa. Cum sociis natoque penatibus et magnis dis parturient montes, nascetur ridiculus mus. Donec qu',
        '01-JAN-2001', 1);
insert into news (id, content, creation_date, author_id)
VALUES (15,
        'Lorem ipsum dolor sit amet, consectetuer adipiscing elit. Aenean commodo ligula eget dolor. Aenean massa. Cum sociis natoque penatibus et magnis dis parturient montes, nascetur ridiculus mus. Donec qu',
        '01-JAN-2001', 1);
insert into news (id, content, creation_date, author_id)
VALUES (16,
        'Lorem ipsum dolor sit amet, consectetuer adipiscing elit. Aenean commodo ligula eget dolor. Aenean massa. Cum sociis natoque penatibus et magnis dis parturient montes, nascetur ridiculus mus. Donec qu',
        '01-JAN-2001', 1);
insert into news (id, content, creation_date, author_id)
VALUES (17,
        'Lorem ipsum dolor sit amet, consectetuer adipiscing elit. Aenean commodo ligula eget dolor. Aenean massa. Cum sociis natoque penatibus et magnis dis parturient montes, nascetur ridiculus mus. Donec qu',
        '01-JAN-2001', 1);
insert into news (id, content, creation_date, author_id)
VALUES (18,
        'Lorem ipsum dolor sit amet, consectetuer adipiscing elit. Aenean commodo ligula eget dolor. Aenean massa. Cum sociis natoque penatibus et magnis dis parturient montes, nascetur ridiculus mus. Donec qu',
        '01-JAN-2001', 1);
insert into news (id, content, creation_date, author_id)
VALUES (19,
        'Lorem ipsum dolor sit amet, consectetuer adipiscing elit. Aenean commodo ligula eget dolor. Aenean massa. Cum sociis natoque penatibus et magnis dis parturient montes, nascetur ridiculus mus. Donec qu',
        '01-JAN-2001', 1);
insert into news (id, content, creation_date, author_id)
VALUES (20,
        'Lorem ipsum dolor sit amet, consectetuer adipiscing elit. Aenean commodo ligula eget dolor. Aenean massa. Cum sociis natoque penatibus et magnis dis parturient montes, nascetur ridiculus mus. Donec qu',
        '01-JAN-2001', 1);
insert into news (id, content, creation_date, author_id)
VALUES (21,
        'Lorem ipsum dolor sit amet, consectetuer adipiscing elit. Aenean commodo ligula eget dolor. Aenean massa. Cum sociis natoque penatibus et magnis dis parturient montes, nascetur ridiculus mus. Donec qu',
        '01-JAN-2001', 1);
insert into news (id, content, creation_date, author_id)
VALUES (22,
        'Lorem ipsum dolor sit amet, consectetuer adipiscing elit. Aenean commodo ligula eget dolor. Aenean massa. Cum sociis natoque penatibus et magnis dis parturient montes, nascetur ridiculus mus. Donec qu',
        '01-JAN-2001', 1);
insert into news (id, content, creation_date, author_id)
VALUES (23,
        'Lorem ipsum dolor sit amet, consectetuer adipiscing elit. Aenean commodo ligula eget dolor. Aenean massa. Cum sociis natoque penatibus et magnis dis parturient montes, nascetur ridiculus mus. Donec qu',
        '01-JAN-2001', 1);
insert into news (id, content, creation_date, author_id)
VALUES (24,
        'Lorem ipsum dolor sit amet, consectetuer adipiscing elit. Aenean commodo ligula eget dolor. Aenean massa. Cum sociis natoque penatibus et magnis dis parturient montes, nascetur ridiculus mus. Donec qu',
        '01-JAN-2001', 1);
insert into news (id, content, creation_date, author_id)
VALUES (25,
        'Lorem ipsum dolor sit amet, consectetuer adipiscing elit. Aenean commodo ligula eget dolor. Aenean massa. Cum sociis natoque penatibus et magnis dis parturient montes, nascetur ridiculus mus. Donec qu',
        '01-JAN-2001', 1);
insert into news (id, content, creation_date, author_id)
VALUES (26,
        'Lorem ipsum dolor sit amet, consectetuer adipiscing elit. Aenean commodo ligula eget dolor. Aenean massa. Cum sociis natoque penatibus et magnis dis parturient montes, nascetur ridiculus mus. Donec qu',
        '01-JAN-2001', 1);

insert into comments (id, content, author_id, news_id, creation_date)
values (1, 'Cooment here', 1, 1, current_date);

insert into comments (id, content, author_id, news_id, creation_date)
values (2, 'Cooment here', 1, 2, current_date);


insert into comments (id, content, author_id, news_id, creation_date)
values (3, 'Cooment here', 1, 3, current_date);


insert into comments (id, content, author_id, news_id, creation_date)
values (4, 'Cooment here', 1, 4, current_date);

insert into comments (id, content, author_id, news_id, creation_date)
values (5, 'Cooment here', 2, 3, current_date);

insert into comments (id, content, author_id, news_id, creation_date)
values (6, 'Cooment here', 3, 2, current_date);

insert into tags (id, name)
values (1, 'tag1');
insert into tags (id, name)
values (2, 'tag2');
insert into tags (id, name)
values (3, 'tag3');
insert into tags (id, name)
values (4, 'tag4');

insert into news_to_tag (news_id, tag_id)
values (1, 1);
insert into news_to_tag (news_id, tag_id)
values (1, 2);
insert into news_to_tag (news_id, tag_id)
values (2, 1);
insert into news_to_tag (news_id, tag_id)
values (2, 2);
insert into news_to_tag (news_id, tag_id)
values (2, 3);
insert into news_to_tag (news_id, tag_id)
values (3, 1);
insert into news_to_tag (news_id, tag_id)
values (3, 2);
insert into news_to_tag (news_id, tag_id)
values (3, 3);
insert into news_to_tag (news_id, tag_id)
values (3, 4);